RECT	0	0	8534	1000	#f1e4c3	none	1
RECT	13	13	8508	974	none	#39352b	3
RECT	23	23	8488	954	none	#887658	1
TEXT	45	38	34	bold	#302b23	ADAMS CHART
TEXT	45	82	20	normal	#302b23	History and archaeology · illustrated stories
TEXT	1040	40	30	bold	#302b23	CIVILIZATIONS THROUGH TIME
TEXT	1040	83	20	normal	#302b23	Variable time scale · quiet stretches compressed · dates remain chronological
RECT	45	125	900	762	#ebdbb6	#8c7959	0.8
TEXT	62	148	30	bold	#302b23	THE STONE AGE
TEXT	62	191	20	normal	#302b23	Prehistory · dates vary by region
IMAGE	prehistory-vignettes.png	62	260	270	310	0	0	3	2
TEXT	62	595	21	bold	#302b23	HUNTER-GATHERERS
TEXT	62	638.0	22	normal	#302b23	Camps, shelters and
TEXT	62	666.6	22	normal	#302b23	daily life before the
TEXT	62	695.2	22	normal	#302b23	first cities.
HOTSPOT	11	62	250	280	500	HUNTER-GATHERERS
IMAGE	prehistory-vignettes.png	358	260	270	310	1	0	3	2
TEXT	358	595	21	bold	#302b23	STONE TOOLS
TEXT	358	638.0	22	normal	#302b23	Flint tools reveal
TEXT	358	666.6	22	normal	#302b23	prehistoric skills
TEXT	358	695.2	22	normal	#302b23	and technology.
HOTSPOT	12	358	250	280	500	STONE TOOLS
IMAGE	prehistory-vignettes.png	654	260	270	310	2	0	3	2
TEXT	654	595	21	bold	#302b23	EARLY FARMING
TEXT	654	638.0	22	normal	#302b23	Neolithic farming in
TEXT	654	666.6	22	normal	#302b23	the Levant predates
TEXT	654	695.2	22	normal	#302b23	this ruler.
HOTSPOT	13	654	250	280	500	EARLY FARMING
TEXT	62	822	20	normal	#302b23	Regional archaeology · not one universal starting date
PATH	#b99d79	#514837	0.7	M 1620.0 142 C 1645.0 142 1670.0 150 1695.0 150 L 2029.4117647058824 150 L 2029.4117647058824 167 L 1695.0 167 C 1670.0 167 1645.0 159 1620.0 159 Z
TEXT	1622.0	114	20	bold	#302b23	SUMER
HOTSPOT	20	1620.0	112	409.41176470588243	56	Open SUMER
PATH	#c0a359	#514837	0.7	M 1808.4 212 C 1833.4 212 1858.4 220 1883.4 220 L 1978.3058823529411 220 L 1978.3058823529411 237 L 1883.4 237 C 1858.4 237 1833.4 229 1808.4 229 Z
TEXT	1810.4	184	20	bold	#302b23	EGYPT · OLD KINGDOM
HOTSPOT	17	1808.4	182	169.90588235294103	56	Open EGYPT · OLD KINGDOM
PATH	#a99270	#514837	0.7	M 1860.0 282 C 1885.0 282 1910.0 290 1935.0 290 L 2057.6470588235293 290 L 2057.6470588235293 307 L 1935.0 307 C 1910.0 307 1885.0 299 1860.0 299 Z
TEXT	1862.0	254	20	bold	#302b23	INDUS CITIES
HOTSPOT	21	1860.0	252	197.64705882352928	56	Open INDUS CITIES
PATH	#c0a359	#514837	0.7	M 2022.3529411764707 855 C 2047.3529411764707 855 2072.3529411764707 863 2097.3529411764707 863 L 2157.154760664941 863 L 2157.154760664941 880 L 2097.3529411764707 880 C 2072.3529411764707 880 2047.3529411764707 872 2022.3529411764707 872 Z
TEXT	2024.3529411764707	827	20	bold	#302b23	MIDDLE KINGDOM
HOTSPOT	18	2022.3529411764707	825	134.8018194884703	56	Open MIDDLE KINGDOM
PATH	#c0a359	#514837	0.7	M 2293.1249318143173 142 C 2318.1249318143173 142 2343.1249318143173 150 2368.1249318143173 150 L 2501.500383077855 150 L 2501.500383077855 167 L 2368.1249318143173 167 C 2343.1249318143173 167 2318.1249318143173 159 2293.1249318143173 159 Z
TEXT	2295.1249318143173	114	20	bold	#302b23	NEW KINGDOM
HOTSPOT	19	2293.1249318143173	112	208.3754512635378	56	Open NEW KINGDOM
PATH	#9db4ba	#514837	0.7	M 2314.785581633812 212 C 2339.785581633812 212 2364.785581633812 220 2389.785581633812 220 L 3794.2063292520625 220 L 3794.2063292520625 237 L 2389.785581633812 237 C 2364.785581633812 237 2339.785581633812 229 2314.785581633812 229 Z
TEXT	2316.785581633812	184	20	bold	#302b23	PHOENICIAN NETWORKS
PATH	#a3b684	#514837	0.7	M 2511.4642819948226 282 C 2536.4642819948226 282 2561.4642819948226 290 2586.4642819948226 290 L 3869.0063292520626 290 L 3869.0063292520626 307 L 2586.4642819948226 307 C 2561.4642819948226 307 2536.4642819948226 299 2511.4642819948226 299 Z
TEXT	2513.4642819948226	254	20	bold	#302b23	ZHOU
PATH	#a8b195	#514837	0.7	M 3380.852771613384 142 C 3405.852771613384 142 3430.852771613384 150 3455.852771613384 150 L 3588.5063292520626 150 L 3588.5063292520626 167 L 3455.852771613384 167 C 3430.852771613384 167 3405.852771613384 159 3380.852771613384 159 Z
TEXT	3382.852771613384	114	20	bold	#302b23	ACHAEMENID PERSIA
PATH	#ae9fb7	#514837	0.7	M 3446.924358134782 855 C 3471.924358134782 855 3496.924358134782 863 3521.924358134782 863 L 3720.728551474285 863 L 3720.728551474285 880 L 3521.924358134782 880 C 3496.924358134782 880 3471.924358134782 872 3446.924358134782 872 Z
TEXT	3448.924358134782	827	20	bold	#302b23	CLASSICAL GREECE
HOTSPOT	35	3446.924358134782	825	273.80419333950294	56	Open CLASSICAL GREECE
PATH	#a8b195	#514837	0.7	M 3884.306329252063 142 C 3909.306329252063 142 3934.306329252063 150 3959.306329252063 150 L 4435.247571581694 150 L 4435.247571581694 167 L 3959.306329252063 167 C 3934.306329252063 167 3909.306329252063 159 3884.306329252063 159 Z
TEXT	3886.306329252063	114	20	bold	#302b23	PARTHIAN EMPIRE
HOTSPOT	22	3884.306329252063	112	550.9412423296308	56	Open PARTHIAN EMPIRE
RECT	3928.5063292520626	212	15.077121330972659	17	#a3b684	#514837	0.7
TEXT	3930.5063292520626	184	20	bold	#302b23	QIN
HOTSPOT	26	3928.5063292520626	182	100	56	Open QIN
PATH	#a3b684	#514837	0.7	M 3943.5834505830353 282 C 3968.5834505830353 282 3993.5834505830353 290 4018.5834505830353 290 L 4430.675190728498 290 L 4430.675190728498 307 L 4018.5834505830353 307 C 3993.5834505830353 307 3968.5834505830353 299 3943.5834505830353 299 Z
TEXT	3945.5834505830353	254	20	bold	#302b23	HAN
HOTSPOT	27	3943.5834505830353	252	487.0917401454626	56	Open HAN
PATH	#b3786a	#514837	0.7	M 4123.50376513264 855 C 4148.50376513264 855 4173.50376513264 863 4198.50376513264 863 L 4809.827991082618 863 L 4809.827991082618 880 L 4198.50376513264 880 C 4173.50376513264 880 4148.50376513264 872 4123.50376513264 872 Z
TEXT	4125.50376513264	827	20	bold	#302b23	WESTERN ROME
HOTSPOT	24	4123.50376513264	825	686.3242259499775	56	Open WESTERN ROME
PATH	#a8b195	#514837	0.7	M 4435.247571581694 212 C 4460.247571581694 212 4485.247571581694 220 4510.247571581694 220 L 4994.388660538684 220 L 4994.388660538684 237 L 4510.247571581694 237 C 4485.247571581694 237 4460.247571581694 229 4435.247571581694 229 Z
TEXT	4437.247571581694	184	20	bold	#302b23	SASANIAN EMPIRE
HOTSPOT	23	4435.247571581694	182	559.1410889569906	56	Open SASANIAN EMPIRE
PATH	#829c83	#514837	0.7	M 4464.968047127462 142 C 4489.968047127462 142 4514.968047127462 150 4539.968047127462 150 L 5119.409581040777 150 L 5119.409581040777 167 L 4539.968047127462 167 C 4514.968047127462 167 4489.968047127462 159 4464.968047127462 159 Z
TEXT	4466.968047127462	114	20	bold	#302b23	CLASSIC MAYA
HOTSPOT	32	4464.968047127462	112	654.4415339133147	56	Open CLASSIC MAYA
PATH	#b3786a	#514837	0.7	M 4646.177017893819 282 C 4671.177017893819 282 4696.177017893819 290 4721.177017893819 290 L 5924.825426963195 290 L 5924.825426963195 307 L 4721.177017893819 307 C 4696.177017893819 307 4671.177017893819 299 4646.177017893819 299 Z
TEXT	4648.177017893819	254	20	bold	#302b23	EASTERN ROMAN / BYZANTINE
HOTSPOT	25	4646.177017893819	252	1278.6484090693766	56	Open EASTERN ROMAN / BYZANTINE
PATH	#a3b684	#514837	0.7	M 4975.170456836042 855 C 5000.170456836042 855 5025.170456836042 863 5050.170456836042 863 L 5122.924225392241 863 L 5122.924225392241 880 L 5050.170456836042 880 C 5025.170456836042 880 5000.170456836042 872 4975.170456836042 872 Z
TEXT	4977.170456836042	827	20	bold	#302b23	TANG
HOTSPOT	28	4975.170456836042	825	147.75376855619925	56	Open TANG
PATH	#9caca5	#514837	0.7	M 5044.095773509396 212 C 5069.095773509396 212 5094.095773509396 220 5119.095773509396 220 L 5442.095345029989 220 L 5442.095345029989 237 L 5119.095773509396 237 C 5094.095773509396 237 5069.095773509396 229 5044.095773509396 229 Z
TEXT	5046.095773509396	184	20	bold	#302b23	ABBASID CALIPHATE
HOTSPOT	36	5044.095773509396	182	397.99957152059324	56	Open ABBASID CALIPHATE
PATH	#a3b684	#514837	0.7	M 5149.535104053329 142 C 5174.535104053329 142 5199.535104053329 150 5224.535104053329 150 L 5463.203314893351 150 L 5463.203314893351 167 L 5224.535104053329 167 C 5199.535104053329 167 5174.535104053329 159 5149.535104053329 159 Z
TEXT	5151.535104053329	114	20	bold	#302b23	SONG
HOTSPOT	29	5149.535104053329	112	313.66821084002186	56	Open SONG
PATH	#899eae	#514837	0.7	M 5483.3061433346475 212 C 5508.3061433346475 212 5533.3061433346475 220 5558.3061433346475 220 L 8304.825426963194 220 L 8304.825426963194 237 L 5558.3061433346475 237 C 5533.3061433346475 237 5508.3061433346475 229 5483.3061433346475 229 Z
TEXT	5485.3061433346475	184	20	bold	#302b23	OTTOMAN EMPIRE →
HOTSPOT	33	5483.3061433346475	182	2821.519283628547	56	Open OTTOMAN EMPIRE →
PATH	#a3b684	#514837	0.7	M 5552.66090145712 142 C 5577.66090145712 142 5602.66090145712 150 5627.66090145712 150 L 6244.5269195005085 150 L 6244.5269195005085 167 L 5627.66090145712 167 C 5602.66090145712 167 5577.66090145712 159 5552.66090145712 159 Z
TEXT	5554.66090145712	114	20	bold	#302b23	MING
HOTSPOT	30	5552.66090145712	112	691.8660180433881	56	Open MING
PATH	#bcab82	#514837	0.7	M 6094.825426963195 282 C 6119.825426963195 282 6144.825426963195 290 6169.825426963195 290 L 7446.325426963195 290 L 7446.325426963195 307 L 6169.825426963195 307 C 6144.825426963195 307 6119.825426963195 299 6094.825426963195 299 Z
TEXT	6096.825426963195	254	20	bold	#302b23	MUGHAL DYNASTY
HOTSPOT	34	6094.825426963195	252	1351.5	56	Open MUGHAL DYNASTY
PATH	#a3b684	#514837	0.7	M 6244.5269195005085 855 C 6269.5269195005085 855 6294.5269195005085 863 6319.5269195005085 863 L 8304.825426963194 863 L 8304.825426963194 880 L 6319.5269195005085 880 C 6294.5269195005085 880 6269.5269195005085 872 6244.5269195005085 872 Z
TEXT	6246.5269195005085	827	20	bold	#302b23	QING →
HOTSPOT	31	6244.5269195005085	825	2060.298507462686	56	Open QING →
RECT	1165.0	340	225	238	#efdfbb	#9a8564	0.7
TEXT	1172.0	350	18	bold	#765333	c. 3200 BCE
TEXT	1175.0	394.0	23	normal	#302b23	Early
TEXT	1175.0	423.9	23	normal	#302b23	Mesopotamian
TEXT	1175.0	453.8	23	normal	#302b23	writing
TEXT	1175.0	482.0	17	normal	#302b23	Open the story for
TEXT	1175.0	504.1	17	normal	#302b23	its description,
TEXT	1175.0	526.2	17	normal	#302b23	source and generated
TEXT	1175.0	548.3	17	normal	#302b23	voice.
HOTSPOT	37	1165.0	340	225	238	Open Early Mesopotamian writing
RECT	1335.0	590	225	238	#efdfbb	#9a8564	0.7
TEXT	1342.0	600	18	bold	#765333	c. 3100 BCE
IMAGE	historical-vignettes.png	1340.0	627	215	130	0	0	4	3
TEXT	1340.0	769.0	20	normal	#302b23	Unification of
TEXT	1340.0	795.0	20	normal	#302b23	Egypt
HOTSPOT	0	1335.0	590	225	238	Open Unification of Egypt
RECT	1505.0	340	225	238	#efdfbb	#9a8564	0.7
TEXT	1512.0	350	18	bold	#765333	3000 BCE
IMAGE	prehistory-vignettes.png	1510.0	377	215	130	0	1	3	2
TEXT	1510.0	519.0	20	normal	#302b23	Sumerian cities
HOTSPOT	14	1505.0	340	225	238	Open Sumerian cities
RECT	1745.0	590	225	238	#efdfbb	#9a8564	0.7
TEXT	1752.0	600	18	bold	#765333	2600 BCE
IMAGE	prehistory-vignettes.png	1750.0	627	215	130	1	1	3	2
TEXT	1750.0	769.0	20	normal	#302b23	Indus Valley
TEXT	1750.0	795.0	20	normal	#302b23	civilization
HOTSPOT	15	1745.0	590	225	238	Open Indus Valley civilization
RECT	1985.0	340	225	238	#efdfbb	#9a8564	0.7
TEXT	1992.0	350	18	bold	#765333	c. 1750 BCE
TEXT	1995.0	394.0	23	normal	#302b23	Laws of
TEXT	1995.0	423.9	23	normal	#302b23	Hammurabi
TEXT	1995.0	482.0	17	normal	#302b23	Open the story for
TEXT	1995.0	504.1	17	normal	#302b23	its description,
TEXT	1995.0	526.2	17	normal	#302b23	source and generated
TEXT	1995.0	548.3	17	normal	#302b23	voice.
HOTSPOT	38	1985.0	340	225	238	Open Laws of Hammurabi
RECT	2156.4642819948226	590	225	238	#efdfbb	#9a8564	0.7
TEXT	2163.4642819948226	600	18	bold	#765333	c. 1600 BCE
IMAGE	civilization-vignettes.png	2161.4642819948226	627	215	130	1	1	4	3
TEXT	2161.4642819948226	769.0	20	normal	#302b23	Shang bronze
TEXT	2161.4642819948226	795.0	20	normal	#302b23	technology
HOTSPOT	54	2156.4642819948226	590	225	238	Open Shang bronze technology
RECT	2396.4642819948226	340	225	238	#efdfbb	#9a8564	0.7
TEXT	2403.4642819948226	350	18	bold	#765333	c. 1046 BCE
IMAGE	civilization-vignettes.png	2401.4642819948226	377	215	130	2	1	4	3
TEXT	2401.4642819948226	519.0	20	normal	#302b23	Zhou dynasty
HOTSPOT	55	2396.4642819948226	340	225	238	Open Zhou dynasty
RECT	2566.4642819948226	590	225	238	#efdfbb	#9a8564	0.7
TEXT	2573.4642819948226	600	18	bold	#765333	c. 1000 BCE
IMAGE	civilization-vignettes.png	2571.4642819948226	627	215	130	0	0	4	3
TEXT	2571.4642819948226	769.0	20	normal	#302b23	Phoenician
TEXT	2571.4642819948226	795.0	20	normal	#302b23	seafaring
HOTSPOT	49	2566.4642819948226	590	225	238	Open Phoenician seafaring
RECT	2736.4642819948226	340	225	238	#efdfbb	#9a8564	0.7
TEXT	2743.4642819948226	350	18	bold	#765333	883 BCE
IMAGE	civilization-vignettes.png	2741.4642819948226	377	215	130	1	0	4	3
TEXT	2741.4642819948226	519.0	20	normal	#302b23	Neo-Assyrian
TEXT	2741.4642819948226	545.0	20	normal	#302b23	cities
HOTSPOT	50	2736.4642819948226	340	225	238	Open Neo-Assyrian cities
RECT	2925.852771613384	590	225	238	#efdfbb	#9a8564	0.7
TEXT	2932.852771613384	600	18	bold	#765333	700 BCE
IMAGE	civilization-vignettes.png	2930.852771613384	627	215	130	0	1	4	3
TEXT	2930.852771613384	769.0	20	normal	#302b23	Archaic Greek
TEXT	2930.852771613384	795.0	20	normal	#302b23	communities
HOTSPOT	53	2925.852771613384	590	225	238	Open Archaic Greek communities
RECT	3095.852771613384	340	225	238	#efdfbb	#9a8564	0.7
TEXT	3102.852771613384	350	18	bold	#765333	626 BCE
IMAGE	civilization-vignettes.png	3100.852771613384	377	215	130	2	0	4	3
TEXT	3100.852771613384	519.0	20	normal	#302b23	Neo-Babylonian
TEXT	3100.852771613384	545.0	20	normal	#302b23	period
HOTSPOT	51	3095.852771613384	340	225	238	Open Neo-Babylonian period
RECT	3265.852771613384	590	225	238	#efdfbb	#9a8564	0.7
TEXT	3272.852771613384	600	18	bold	#765333	550 BCE
IMAGE	civilization-vignettes.png	3270.852771613384	627	215	130	3	0	4	3
TEXT	3270.852771613384	769.0	20	normal	#302b23	Achaemenid Persian
TEXT	3270.852771613384	795.0	20	normal	#302b23	Empire
HOTSPOT	52	3265.852771613384	590	225	238	Open Achaemenid Persian Empire
RECT	3473.5063292520626	340	225	238	#efdfbb	#9a8564	0.7
TEXT	3480.5063292520626	350	18	bold	#765333	330 BCE
IMAGE	historical-vignettes.png	3478.5063292520626	377	215	130	1	0	4	3
TEXT	3478.5063292520626	519.0	20	normal	#302b23	Alexander enters
TEXT	3478.5063292520626	545.0	20	normal	#302b23	Persepolis
HOTSPOT	1	3473.5063292520626	340	225	238	Open Alexander enters Persepolis
RECT	3643.5063292520626	590	225	238	#efdfbb	#9a8564	0.7
TEXT	3650.5063292520626	600	18	bold	#765333	c. 321 BCE
IMAGE	civilization-vignettes.png	3648.5063292520626	627	215	130	1	2	4	3
TEXT	3648.5063292520626	769.0	20	normal	#302b23	Mauryan Empire
HOTSPOT	58	3643.5063292520626	590	225	238	Open Mauryan Empire
RECT	3813.5063292520626	340	225	238	#efdfbb	#9a8564	0.7
TEXT	3820.5063292520626	350	18	bold	#765333	221 BCE
IMAGE	historical-vignettes.png	3818.5063292520626	377	215	130	2	0	4	3
TEXT	3818.5063292520626	519.0	20	normal	#302b23	Qin unifies China
HOTSPOT	2	3813.5063292520626	340	225	238	Open Qin unifies China
RECT	4008.50376513264	590	225	238	#efdfbb	#9a8564	0.7
TEXT	4015.50376513264	600	18	bold	#765333	27 BCE
IMAGE	historical-vignettes.png	4013.50376513264	627	215	130	3	0	4	3
TEXT	4013.50376513264	769.0	20	normal	#302b23	Beginning of
TEXT	4013.50376513264	795.0	20	normal	#302b23	Imperial Rome
HOTSPOT	3	4008.50376513264	590	225	238	Open Beginning of Imperial Rome
RECT	4178.50376513264	340	225	238	#efdfbb	#9a8564	0.7
TEXT	4185.50376513264	350	18	bold	#765333	c. 100 CE
IMAGE	civilization-vignettes.png	4183.50376513264	377	215	130	3	1	4	3
TEXT	4183.50376513264	519.0	20	normal	#302b23	Aksum and Red Sea
TEXT	4183.50376513264	545.0	20	normal	#302b23	trade
HOTSPOT	56	4178.50376513264	340	225	238	Open Aksum and Red Sea trade
RECT	4349.968047127462	590	225	238	#efdfbb	#9a8564	0.7
TEXT	4356.968047127462	600	18	bold	#765333	250 CE
IMAGE	prehistory-vignettes.png	4354.968047127462	627	215	130	2	1	3	2
TEXT	4354.968047127462	769.0	20	normal	#302b23	Classic Maya
TEXT	4354.968047127462	795.0	20	normal	#302b23	civilization
HOTSPOT	16	4349.968047127462	590	225	238	Open Classic Maya civilization
RECT	4519.968047127462	340	225	238	#efdfbb	#9a8564	0.7
TEXT	4526.968047127462	350	18	bold	#765333	c. 320 CE
IMAGE	civilization-vignettes.png	4524.968047127462	377	215	130	0	2	4	3
TEXT	4524.968047127462	519.0	20	normal	#302b23	Gupta-era
TEXT	4524.968047127462	545.0	20	normal	#302b23	craftsmanship
HOTSPOT	57	4519.968047127462	340	225	238	Open Gupta-era craftsmanship
RECT	4694.827991082618	590	225	238	#efdfbb	#9a8564	0.7
TEXT	4701.827991082618	600	18	bold	#765333	476 CE
IMAGE	historical-vignettes.png	4699.827991082618	627	215	130	0	1	4	3
TEXT	4699.827991082618	769.0	20	normal	#302b23	End of the Western
TEXT	4699.827991082618	795.0	20	normal	#302b23	Roman Empire
HOTSPOT	4	4694.827991082618	590	225	238	Open End of the Western Roman Empire
RECT	4864.827991082618	340	225	238	#efdfbb	#9a8564	0.7
TEXT	4871.827991082618	350	18	bold	#765333	622 CE
IMAGE	historical-vignettes.png	4869.827991082618	377	215	130	1	1	4	3
TEXT	4869.827991082618	519.0	20	normal	#302b23	The Hijrah
HOTSPOT	5	4864.827991082618	340	225	238	Open The Hijrah
RECT	5104.827991082618	590	225	238	#efdfbb	#9a8564	0.7
TEXT	5111.827991082618	600	18	bold	#765333	c. 1100 CE
IMAGE	civilization-vignettes.png	5109.827991082618	627	215	130	2	2	4	3
TEXT	5109.827991082618	769.0	20	normal	#302b23	Medieval towns and
TEXT	5109.827991082618	795.0	20	normal	#302b23	textiles
HOTSPOT	59	5104.827991082618	590	225	238	Open Medieval towns and textiles
RECT	5274.827991082618	340	225	238	#efdfbb	#9a8564	0.7
TEXT	5281.827991082618	350	18	bold	#765333	1206 CE
IMAGE	historical-vignettes.png	5279.827991082618	377	215	130	2	1	4	3
TEXT	5279.827991082618	519.0	20	normal	#302b23	Genghis Khan
TEXT	5279.827991082618	545.0	20	normal	#302b23	proclaimed
HOTSPOT	6	5274.827991082618	340	225	238	Open Genghis Khan proclaimed
RECT	5469.825426963195	590	225	238	#efdfbb	#9a8564	0.7
TEXT	5476.825426963195	600	18	bold	#765333	c. 1400 CE
IMAGE	civilization-vignettes.png	5474.825426963195	627	215	130	3	2	4	3
TEXT	5474.825426963195	769.0	20	normal	#302b23	Renaissance
TEXT	5474.825426963195	795.0	20	normal	#302b23	workshops
HOTSPOT	60	5469.825426963195	590	225	238	Open Renaissance workshops
RECT	5639.825426963195	340	225	238	#efdfbb	#9a8564	0.7
TEXT	5646.825426963195	350	18	bold	#765333	c. 1450 CE
TEXT	5649.825426963195	394.0	23	normal	#302b23	European
TEXT	5649.825426963195	423.9	23	normal	#302b23	movable-type
TEXT	5649.825426963195	453.8	23	normal	#302b23	printing
TEXT	5649.825426963195	482.0	17	normal	#302b23	Open the story for
TEXT	5649.825426963195	504.1	17	normal	#302b23	its description,
TEXT	5649.825426963195	526.2	17	normal	#302b23	source and generated
TEXT	5649.825426963195	548.3	17	normal	#302b23	voice.
HOTSPOT	39	5639.825426963195	340	225	238	Open European movable-type printing
RECT	5809.825426963195	590	225	238	#efdfbb	#9a8564	0.7
TEXT	5816.825426963195	600	18	bold	#765333	1453 CE
IMAGE	historical-vignettes.png	5814.825426963195	627	215	130	3	1	4	3
TEXT	5814.825426963195	769.0	20	normal	#302b23	Fall of
TEXT	5814.825426963195	795.0	20	normal	#302b23	Constantinople
HOTSPOT	7	5809.825426963195	590	225	238	Open Fall of Constantinople
RECT	5979.825426963195	340	225	238	#efdfbb	#9a8564	0.7
TEXT	5986.825426963195	350	18	bold	#765333	1526 CE
IMAGE	historical-vignettes.png	5984.825426963195	377	215	130	0	2	4	3
TEXT	5984.825426963195	519.0	20	normal	#302b23	Beginning of
TEXT	5984.825426963195	545.0	20	normal	#302b23	Mughal rule
HOTSPOT	8	5979.825426963195	340	225	238	Open Beginning of Mughal rule
RECT	6149.825426963195	590	225	238	#efdfbb	#9a8564	0.7
TEXT	6156.825426963195	600	18	bold	#765333	1660 CE
TEXT	6159.825426963195	644.0	23	normal	#302b23	Royal Society
TEXT	6159.825426963195	673.9	23	normal	#302b23	founded
TEXT	6159.825426963195	732.0	17	normal	#302b23	Open the story for
TEXT	6159.825426963195	754.1	17	normal	#302b23	its description,
TEXT	6159.825426963195	776.2	17	normal	#302b23	source and generated
TEXT	6159.825426963195	798.3	17	normal	#302b23	voice.
HOTSPOT	40	6149.825426963195	590	225	238	Open Royal Society founded
RECT	6319.825426963195	340	225	238	#efdfbb	#9a8564	0.7
TEXT	6326.825426963195	350	18	bold	#765333	1687 CE
TEXT	6329.825426963195	394.0	23	normal	#302b23	Newton's
TEXT	6329.825426963195	423.9	23	normal	#302b23	Principia
TEXT	6329.825426963195	482.0	17	normal	#302b23	Open the story for
TEXT	6329.825426963195	504.1	17	normal	#302b23	its description,
TEXT	6329.825426963195	526.2	17	normal	#302b23	source and generated
TEXT	6329.825426963195	548.3	17	normal	#302b23	voice.
HOTSPOT	41	6319.825426963195	340	225	238	Open Newton's Principia
RECT	6489.825426963195	590	225	238	#efdfbb	#9a8564	0.7
TEXT	6496.825426963195	600	18	bold	#765333	1769 CE
TEXT	6499.825426963195	644.0	23	normal	#302b23	Watt condenser
TEXT	6499.825426963195	673.9	23	normal	#302b23	patent
TEXT	6499.825426963195	732.0	17	normal	#302b23	Open the story for
TEXT	6499.825426963195	754.1	17	normal	#302b23	its description,
TEXT	6499.825426963195	776.2	17	normal	#302b23	source and generated
TEXT	6499.825426963195	798.3	17	normal	#302b23	voice.
HOTSPOT	42	6489.825426963195	590	225	238	Open Watt condenser patent
RECT	6659.825426963195	340	225	238	#efdfbb	#9a8564	0.7
TEXT	6666.825426963195	350	18	bold	#765333	1776 CE
IMAGE	historical-vignettes.png	6664.825426963195	377	215	130	1	2	4	3
TEXT	6664.825426963195	519.0	20	normal	#302b23	Declaration of
TEXT	6664.825426963195	545.0	20	normal	#302b23	Independence
HOTSPOT	9	6659.825426963195	340	225	238	Open Declaration of Independence
RECT	6829.825426963195	590	225	238	#efdfbb	#9a8564	0.7
TEXT	6836.825426963195	600	18	bold	#765333	1789 CE
IMAGE	historical-vignettes.png	6834.825426963195	627	215	130	2	2	4	3
TEXT	6834.825426963195	769.0	20	normal	#302b23	French Revolution
TEXT	6834.825426963195	795.0	20	normal	#302b23	begins
HOTSPOT	10	6829.825426963195	590	225	238	Open French Revolution begins
RECT	6999.825426963195	340	225	238	#efdfbb	#9a8564	0.7
TEXT	7006.825426963195	350	18	bold	#765333	1825 CE
TEXT	7009.825426963195	394.0	23	normal	#302b23	Stockton–Darlington
TEXT	7009.825426963195	423.9	23	normal	#302b23	Railway
TEXT	7009.825426963195	482.0	17	normal	#302b23	Open the story for
TEXT	7009.825426963195	504.1	17	normal	#302b23	its description,
TEXT	7009.825426963195	526.2	17	normal	#302b23	source and generated
TEXT	7009.825426963195	548.3	17	normal	#302b23	voice.
HOTSPOT	43	6999.825426963195	340	225	238	Open Stockton–Darlington Railway
RECT	7169.825426963195	590	225	238	#efdfbb	#9a8564	0.7
TEXT	7176.825426963195	600	18	bold	#765333	1839 CE
TEXT	7179.825426963195	644.0	23	normal	#302b23	Early
TEXT	7179.825426963195	673.9	23	normal	#302b23	photographic
TEXT	7179.825426963195	703.8	23	normal	#302b23	processes
TEXT	7179.825426963195	732.0	17	normal	#302b23	Open the story for
TEXT	7179.825426963195	754.1	17	normal	#302b23	its description,
TEXT	7179.825426963195	776.2	17	normal	#302b23	source and generated
TEXT	7179.825426963195	798.3	17	normal	#302b23	voice.
HOTSPOT	44	7169.825426963195	590	225	238	Open Early photographic processes
RECT	7339.825426963195	340	225	238	#efdfbb	#9a8564	0.7
TEXT	7346.825426963195	350	18	bold	#765333	1859 CE
TEXT	7349.825426963195	394.0	23	normal	#302b23	Darwin's Origin
TEXT	7349.825426963195	423.9	23	normal	#302b23	of Species
TEXT	7349.825426963195	482.0	17	normal	#302b23	Open the story for
TEXT	7349.825426963195	504.1	17	normal	#302b23	its description,
TEXT	7349.825426963195	526.2	17	normal	#302b23	source and generated
TEXT	7349.825426963195	548.3	17	normal	#302b23	voice.
HOTSPOT	45	7339.825426963195	340	225	238	Open Darwin's Origin of Species
RECT	7509.825426963195	590	225	238	#efdfbb	#9a8564	0.7
TEXT	7516.825426963195	600	18	bold	#765333	1863 CE
TEXT	7519.825426963195	644.0	23	normal	#302b23	Emancipation
TEXT	7519.825426963195	673.9	23	normal	#302b23	Proclamation
TEXT	7519.825426963195	732.0	17	normal	#302b23	Open the story for
TEXT	7519.825426963195	754.1	17	normal	#302b23	its description,
TEXT	7519.825426963195	776.2	17	normal	#302b23	source and generated
TEXT	7519.825426963195	798.3	17	normal	#302b23	voice.
HOTSPOT	46	7509.825426963195	590	225	238	Open Emancipation Proclamation
RECT	7679.825426963195	340	225	238	#efdfbb	#9a8564	0.7
TEXT	7686.825426963195	350	18	bold	#765333	1876 CE
TEXT	7689.825426963195	394.0	23	normal	#302b23	Bell's telephone
TEXT	7689.825426963195	423.9	23	normal	#302b23	patent
TEXT	7689.825426963195	482.0	17	normal	#302b23	Open the story for
TEXT	7689.825426963195	504.1	17	normal	#302b23	its description,
TEXT	7689.825426963195	526.2	17	normal	#302b23	source and generated
TEXT	7689.825426963195	548.3	17	normal	#302b23	voice.
HOTSPOT	47	7679.825426963195	340	225	238	Open Bell's telephone patent
RECT	7849.825426963195	590	225	238	#efdfbb	#9a8564	0.7
TEXT	7856.825426963195	600	18	bold	#765333	1879 CE
TEXT	7859.825426963195	644.0	23	normal	#302b23	Edison's
TEXT	7859.825426963195	673.9	23	normal	#302b23	electric
TEXT	7859.825426963195	703.8	23	normal	#302b23	lighting
TEXT	7859.825426963195	732.0	17	normal	#302b23	Open the story for
TEXT	7859.825426963195	754.1	17	normal	#302b23	its description,
TEXT	7859.825426963195	776.2	17	normal	#302b23	source and generated
TEXT	7859.825426963195	798.3	17	normal	#302b23	voice.
HOTSPOT	48	7849.825426963195	590	225	238	Open Edison's electric lighting
RECT	8019.825426963195	340	225	238	#efdfbb	#9a8564	0.7
TEXT	8026.825426963195	350	18	bold	#765333	1881 CE
IMAGE	historical-vignettes.png	8024.825426963195	377	215	130	3	2	4	3
TEXT	8024.825426963195	519.0	20	normal	#302b23	Adams historical
TEXT	8024.825426963195	545.0	20	normal	#302b23	chart
HOTSPOT	61	8019.825426963195	340	225	238	Open Adams historical chart
RECT	1020	921	7484	56	#e3d0a1	#77664b	0.8
PATH	none	#423b2d	1	M 1040.0 921 L 1040.0 933
TEXT	1018.0	942	18	bold	#302b23	4000
PATH	none	#423b2d	1	M 1070.0 921 L 1070.0 933
PATH	none	#423b2d	1	M 1100.0 921 L 1100.0 933
PATH	none	#423b2d	1	M 1130.0 921 L 1130.0 933
TEXT	1108.0	942	18	normal	#302b23	3700
PATH	none	#423b2d	1	M 1160.0 921 L 1160.0 933
PATH	none	#423b2d	1	M 1190.0 921 L 1190.0 933
PATH	none	#423b2d	1	M 1220.0 921 L 1220.0 933
TEXT	1198.0	942	18	normal	#302b23	3400
PATH	none	#423b2d	1	M 1250.0 921 L 1250.0 933
PATH	none	#423b2d	1	M 1280.0 921 L 1280.0 933
PATH	none	#423b2d	1	M 1450.0 921 L 1450.0 933
TEXT	1428.0	942	18	normal	#302b23	3100
PATH	none	#423b2d	1	M 1620.0 921 L 1620.0 933
TEXT	1598.0	942	18	bold	#302b23	3000
PATH	none	#423b2d	1	M 1680.0 921 L 1680.0 933
PATH	none	#423b2d	1	M 1740.0 921 L 1740.0 933
TEXT	1718.0	942	18	normal	#302b23	2800
PATH	none	#423b2d	1	M 1800.0 921 L 1800.0 933
PATH	none	#423b2d	1	M 1860.0 921 L 1860.0 933
TEXT	1838.0	942	18	normal	#302b23	2600
PATH	none	#423b2d	1	M 1888.235294117647 921 L 1888.235294117647 933
PATH	none	#423b2d	1	M 1916.4705882352941 921 L 1916.4705882352941 933
PATH	none	#423b2d	1	M 1944.7058823529412 921 L 1944.7058823529412 933
TEXT	1922.7058823529412	942	18	normal	#302b23	2300
PATH	none	#423b2d	1	M 1972.9411764705883 921 L 1972.9411764705883 933
PATH	none	#423b2d	1	M 2001.1764705882354 921 L 2001.1764705882354 933
PATH	none	#423b2d	1	M 2029.4117647058824 921 L 2029.4117647058824 933
TEXT	2007.4117647058824	942	18	bold	#302b23	2000
PATH	none	#423b2d	1	M 2057.6470588235293 921 L 2057.6470588235293 933
PATH	none	#423b2d	1	M 2085.8823529411766 921 L 2085.8823529411766 933
PATH	none	#423b2d	1	M 2157.154760664941 921 L 2157.154760664941 933
TEXT	2135.154760664941	942	18	normal	#302b23	1700
PATH	none	#423b2d	1	M 2271.4642819948226 921 L 2271.4642819948226 933
TEXT	2249.4642819948226	942	18	normal	#302b23	1600
PATH	none	#423b2d	1	M 2314.785581633812 921 L 2314.785581633812 933
PATH	none	#423b2d	1	M 2358.106881272801 921 L 2358.106881272801 933
TEXT	2336.106881272801	942	18	normal	#302b23	1400
PATH	none	#423b2d	1	M 2401.42818091179 921 L 2401.42818091179 933
PATH	none	#423b2d	1	M 2444.7494805507795 921 L 2444.7494805507795 933
TEXT	2422.7494805507795	942	18	normal	#302b23	1200
PATH	none	#423b2d	1	M 2488.0707801897684 921 L 2488.0707801897684 933
PATH	none	#423b2d	1	M 2681.4642819948226 921 L 2681.4642819948226 933
TEXT	2659.4642819948226	942	18	bold	#302b23	1000
PATH	none	#423b2d	1	M 2826.763427293968 921 L 2826.763427293968 933
TEXT	2804.763427293968	942	18	normal	#302b23	900
PATH	none	#423b2d	1	M 2937.361793679744 921 L 2937.361793679744 933
TEXT	2915.361793679744	942	18	normal	#302b23	800
PATH	none	#423b2d	1	M 3040.852771613384 921 L 3040.852771613384 933
TEXT	3018.852771613384	942	18	normal	#302b23	700
PATH	none	#423b2d	1	M 3269.010666350226 921 L 3269.010666350226 933
TEXT	3247.010666350226	942	18	normal	#302b23	600
PATH	none	#423b2d	1	M 3428.046761985811 921 L 3428.046761985811 933
TEXT	3406.046761985811	942	18	bold	#302b23	500
PATH	none	#423b2d	1	M 3522.4347427306648 921 L 3522.4347427306648 933
TEXT	3500.4347427306648	942	18	normal	#302b23	400
PATH	none	#423b2d	1	M 3794.2063292520625 921 L 3794.2063292520625 933
TEXT	3772.2063292520625	942	18	normal	#302b23	300
PATH	none	#423b2d	1	M 3949.6142991154243 921 L 3949.6142991154243 933
TEXT	3927.6142991154243	942	18	normal	#302b23	200
PATH	none	#423b2d	1	M 4050.1284413219073 921 L 4050.1284413219073 933
TEXT	4028.1284413219073	942	18	normal	#302b23	100
PATH	none	#423b2d	1	M 4293.50376513264 921 L 4293.50376513264 933
TEXT	4271.50376513264	942	18	normal	#302b23	100
PATH	none	#423b2d	1	M 4407.813286462521 921 L 4407.813286462521 933
TEXT	4385.813286462521	942	18	normal	#302b23	200
PATH	none	#423b2d	1	M 4586.396618556034 921 L 4586.396618556034 933
TEXT	4564.396618556034	942	18	normal	#302b23	300
PATH	none	#423b2d	1	M 4724.639813258311 921 L 4724.639813258311 933
TEXT	4702.639813258311	942	18	normal	#302b23	400
PATH	none	#423b2d	1	M 4837.77319656207 921 L 4837.77319656207 933
TEXT	4815.77319656207	942	18	bold	#302b23	500
PATH	none	#423b2d	1	M 4954.211552726453 921 L 4954.211552726453 933
TEXT	4932.211552726453	942	18	normal	#302b23	600
PATH	none	#423b2d	1	M 5018.991170998936 921 L 5018.991170998936 933
PATH	none	#423b2d	1	M 5069.200376019856 921 L 5069.200376019856 933
TEXT	5047.200376019856	942	18	normal	#302b23	800
PATH	none	#423b2d	1	M 5119.409581040777 921 L 5119.409581040777 933
PATH	none	#423b2d	1	M 5169.618786061697 921 L 5169.618786061697 933
TEXT	5147.618786061697	942	18	bold	#302b23	1000
PATH	none	#423b2d	1	M 5219.827991082618 921 L 5219.827991082618 933
PATH	none	#423b2d	1	M 5380.205349573183 921 L 5380.205349573183 933
TEXT	5358.205349573183	942	18	normal	#302b23	1200
PATH	none	#423b2d	1	M 5484.311284756712 921 L 5484.311284756712 933
TEXT	5462.311284756712	942	18	normal	#302b23	1300
PATH	none	#423b2d	1	M 5584.825426963195 921 L 5584.825426963195 933
TEXT	5562.825426963195	942	18	normal	#302b23	1400
PATH	none	#423b2d	1	M 6034.277481757716 921 L 6034.277481757716 933
TEXT	6012.277481757716	942	18	bold	#302b23	1500
PATH	none	#423b2d	1	M 6188.70602397812 921 L 6188.70602397812 933
TEXT	6166.70602397812	942	18	normal	#302b23	1600
PATH	none	#423b2d	1	M 6461.77664647539 921 L 6461.77664647539 933
TEXT	6439.77664647539	942	18	normal	#302b23	1700
PATH	none	#423b2d	1	M 6996.76987140764 921 L 6996.76987140764 933
TEXT	6974.76987140764	942	18	normal	#302b23	1800
PATH	none	#423b2d	1	M 8304.825426963194 921 L 8304.825426963194 933
TEXT	8282.825426963194	942	18	normal	#302b23	1900
TEXT	1040	897	17	normal	#302b23	BCE · compressed spacing
TEXT	4160.98408009327	897	17	normal	#302b23	CE
