0	Nile Valley	Egyptian kingdoms developed along the Nile in northeastern Africa. Kingdom dates describe political periods; the locator marks the Nile setting.	31,30,Nile Valley
1	Iran and the ancient Near East	Iranian empires connected territories of the ancient Near East. Persepolis was an Achaemenid royal center; Parthian and Sasanian settings refer to later periods.	52.9,29.9,Persepolis / Iran
2	China	Chinese dynasties ruled changing territories across East Asia. This locator marks the broad Chinese setting rather than identical borders for every dynasty.	108.9,34.3,Central China
3	Roman Mediterranean	Rome was the imperial center of a Mediterranean state. The territory changed over time, and 476 CE refers conventionally to the end of the western empire.	12.5,41.9,Rome
4	Roman Mediterranean	Rome was the imperial center of a Mediterranean state. The territory changed over time, and 476 CE refers conventionally to the end of the western empire.	12.5,41.9,Rome
5	Hijrah · Mecca and Medina	The Hijrah connects Mecca and Medina in the Arabian Peninsula. This map marks the destination, Medina, rather than the later extent of Islamic empires.	39.826,21.423,Mecca;39.61,24.47,Medina
6	Mongolian steppe	The unification associated with Genghis Khan began in the Mongolian steppe. The empire expanded later; this locator does not portray its maximum extent as its founding borders.	103,47,Mongolian steppe
7	Eastern Mediterranean	Constantinople linked Europe and Asia. The eastern Roman chronology ends with its Ottoman conquest in 1453.	29,41,Constantinople
8	Mughal founding · northern India	The 1526 founding event is associated with the First Battle of Panipat. The map locates Panipat and nearby centers; it does not show the much larger empire of later reigns.	76.969,29.391,Panipat;77.209,28.614,Delhi;78.008,27.176,Agra
9	Atlantic North America	The Declaration of Independence was adopted in Philadelphia. The event concerns the thirteen British colonies; the map marks the meeting location rather than present-day United States borders.	-75.2,40,Philadelphia
10	France	The French Revolution began in France, with major early events in Paris. The locator places the city in western Europe.	2.3,48.9,Paris
11	Regional prehistory	Stone Age life and tools occurred in many regions at different times. There is no single world capital or one universal Stone Age border. The markers illustrate the regional nature of prehistoric study.	20,5,Africa;85,40,Asia;-3,50,Europe
12	Regional prehistory	Stone Age life and tools occurred in many regions at different times. There is no single world capital or one universal Stone Age border. The markers illustrate the regional nature of prehistoric study.	20,5,Africa;85,40,Asia;-3,50,Europe
13	Levant	Early farming communities in the Levant predate the city-state chronology. Farming developed at different times elsewhere.	35,32,Levant
14	Mesopotamia	Sumerian, Babylonian and Assyrian settings belong to different parts and periods of Mesopotamia. Surviving urban remains and written records document their history.	44,33,Mesopotamia
15	Indus region	The Indus civilization developed in present-day Pakistan and northwestern India. Its cities include Harappa and Mohenjo-daro; modern country boundaries are not shown.	68.3,27.3,Indus cities
16	Mesoamerica	Classic Maya cities flourished in parts of present-day Mexico and Central America. Maya history extends beyond the selected Classic period.	-89.6,17.2,Maya region
17	Nile Valley	Egyptian kingdoms developed along the Nile in northeastern Africa. Kingdom dates describe political periods; the locator marks the Nile setting.	31,30,Nile Valley
18	Nile Valley	Egyptian kingdoms developed along the Nile in northeastern Africa. Kingdom dates describe political periods; the locator marks the Nile setting.	31,30,Nile Valley
19	Nile Valley	Egyptian kingdoms developed along the Nile in northeastern Africa. Kingdom dates describe political periods; the locator marks the Nile setting.	31,30,Nile Valley
20	Mesopotamia	Sumerian, Babylonian and Assyrian settings belong to different parts and periods of Mesopotamia. Surviving urban remains and written records document their history.	44,33,Mesopotamia
21	Indus region	The Indus civilization developed in present-day Pakistan and northwestern India. Its cities include Harappa and Mohenjo-daro; modern country boundaries are not shown.	68.3,27.3,Indus cities
22	Parthian setting	The Parthian period covers changing territories across Iran and Mesopotamia. This regional locator is not a map of Parthian frontiers.	55,35,Iranian plateau;44.58,33.09,Ctesiphon
23	Sasanian setting	Ctesiphon was a Sasanian imperial center. A location marker does not reconstruct the empire’s changing frontiers.	44.58,33.09,Ctesiphon;52.89,29.88,Fars region
24	Roman Mediterranean	Rome was the imperial center of a Mediterranean state. The territory changed over time, and 476 CE refers conventionally to the end of the western empire.	12.5,41.9,Rome
25	Eastern Mediterranean	Constantinople linked Europe and Asia. The eastern Roman chronology ends with its Ottoman conquest in 1453.	29,41,Constantinople
26	China	Chinese dynasties ruled changing territories across East Asia. This locator marks the broad Chinese setting rather than identical borders for every dynasty.	108.9,34.3,Central China
27	China	Chinese dynasties ruled changing territories across East Asia. This locator marks the broad Chinese setting rather than identical borders for every dynasty.	108.9,34.3,Central China
28	China	Chinese dynasties ruled changing territories across East Asia. This locator marks the broad Chinese setting rather than identical borders for every dynasty.	108.9,34.3,Central China
29	China	Chinese dynasties ruled changing territories across East Asia. This locator marks the broad Chinese setting rather than identical borders for every dynasty.	108.9,34.3,Central China
30	China	Chinese dynasties ruled changing territories across East Asia. This locator marks the broad Chinese setting rather than identical borders for every dynasty.	108.9,34.3,Central China
31	China	Chinese dynasties ruled changing territories across East Asia. This locator marks the broad Chinese setting rather than identical borders for every dynasty.	108.9,34.3,Central China
32	Mesoamerica	Classic Maya cities flourished in parts of present-day Mexico and Central America. Maya history extends beyond the selected Classic period.	-89.6,17.2,Maya region
33	Early Ottoman setting	The Ottoman state originated in northwestern Anatolia. Sogut and Bursa provide early geographic context; Constantinople became an Ottoman capital only after 1453.	30.184,40.014,Sogut;29.06,40.19,Bursa
34	Mughal centers	South Asian political and cultural periods included distinct dynasties and centers. Mughal, Gupta and Mauryan territories were different; this map shows their regional setting.	77.209,28.614,Delhi;78.008,27.176,Agra;74.344,31.55,Lahore
35	Greek Mediterranean	Greek communities developed around the Aegean and through wider Mediterranean contacts. The locator marks the Aegean setting; it does not present all Greek communities as one empire.	23,38,Aegean world
36	Abbasid centers	The Abbasid period included important centers at Baghdad and Samarra. Authority changed across this long range; the locator marks Baghdad rather than an unchanging empire.	44.4,33.3,Baghdad
37	Mesopotamia	Sumerian, Babylonian and Assyrian settings belong to different parts and periods of Mesopotamia. Surviving urban remains and written records document their history.	44,33,Mesopotamia
38	Mesopotamia	Sumerian, Babylonian and Assyrian settings belong to different parts and periods of Mesopotamia. Surviving urban remains and written records document their history.	44,33,Mesopotamia
39	European printing	Gutenberg’s European printing development is associated with Mainz. Printing had earlier histories in East Asia.	8.3,50,Mainz
40	Science and technology setting	These milestones form part of histories that crossed national borders. The marker identifies a principal location associated with this selected entry, not the only place where the technology or research developed.	0,52,European setting
41	Science and technology setting	These milestones form part of histories that crossed national borders. The marker identifies a principal location associated with this selected entry, not the only place where the technology or research developed.	0,52,European setting
42	Science and technology setting	These milestones form part of histories that crossed national borders. The marker identifies a principal location associated with this selected entry, not the only place where the technology or research developed.	0,52,European setting
43	Northern England	The Stockton and Darlington Railway opened in northern England in 1825.	-1.5,54.5,Stockton / Darlington
44	France and Britain	The public emergence of photography in 1839 involved different processes and experimenters, notably in France and Britain.	2.3,48.9,Paris / France
45	Science and technology setting	These milestones form part of histories that crossed national borders. The marker identifies a principal location associated with this selected entry, not the only place where the technology or research developed.	0,52,European setting
46	United States during the Civil War	Lincoln issued the Emancipation Proclamation in Washington. Its legal scope covered areas in rebellion, not every place within the modern United States.	-77,38.9,Washington
47	United States	Bell’s telephone patent marks one milestone in a wider history of electrical communication.	-71.1,42.4,Boston setting
48	United States	Edison’s electric-lighting work is associated with Menlo Park, New Jersey. Other inventors also contributed to electric lighting.	-74.3,40.6,Menlo Park
49	Phoenician coastal cities	Independent coastal cities formed a network of maritime traders, rather than a single bounded country. These Levantine ports existed before the selected first-millennium BCE setting; later western colonies are not shown as if they already existed in 1000 BCE.	35.196,33.271,Tyre;35.373,33.563,Sidon;35.648,34.123,Byblos;35.858,34.856,Arwad
50	Mesopotamia	Sumerian, Babylonian and Assyrian settings belong to different parts and periods of Mesopotamia. Surviving urban remains and written records document their history.	44,33,Mesopotamia
51	Mesopotamia	Sumerian, Babylonian and Assyrian settings belong to different parts and periods of Mesopotamia. Surviving urban remains and written records document their history.	44,33,Mesopotamia
52	Iran and the ancient Near East	Iranian empires connected territories of the ancient Near East. Persepolis was an Achaemenid royal center; Parthian and Sasanian settings refer to later periods.	52.9,29.9,Persepolis / Iran
53	Greek Mediterranean	Greek communities developed around the Aegean and through wider Mediterranean contacts. The locator marks the Aegean setting; it does not present all Greek communities as one empire.	23,38,Aegean world
54	China	Chinese dynasties ruled changing territories across East Asia. This locator marks the broad Chinese setting rather than identical borders for every dynasty.	108.9,34.3,Central China
55	China	Chinese dynasties ruled changing territories across East Asia. This locator marks the broad Chinese setting rather than identical borders for every dynasty.	108.9,34.3,Central China
56	Horn of Africa	Aksum’s inland centers connected through Adulis to Red Sea trade. It was an African trading empire with links to the wider ancient world.	38.7,14.1,Aksum
57	South Asia	South Asian political and cultural periods included distinct dynasties and centers. Mughal, Gupta and Mauryan territories were different; this map shows their regional setting.	78,25,South Asia
58	South Asia	South Asian political and cultural periods included distinct dynasties and centers. Mughal, Gupta and Mauryan territories were different; this map shows their regional setting.	78,25,South Asia
59	Low Countries	Medieval towns of the Low Countries produced and exchanged textiles. This is a regional context, not one precisely dated founding event.	4.4,51,Low Countries
60	Italian cities	Fifteenth-century Italian workshops served varied patrons. Florence and other cities contributed to Renaissance painting and portraiture.	11.3,43.8,Florence / Italy
61	Historical publishing	Sebastian Adams’ historical chart is an American publication highlighted by the David Rumsey collection. Its content covers many parts of the world.	-123,45,Approximate regional context
