Egypt: Old Kingdom	-2686	0	c. 2686–2181 BCE	The Old Kingdom was an important period of Egyptian state organization and pyramid building. Its approximate dates form the first Egyptian kingdom ribbon. Period boundaries in ancient chronology are estimates, rather than exact dates shared by every historian.	https://www.ucl.ac.uk/museums-static/digitalegypt/chronology/index.html		-1
Egypt: Middle Kingdom	-2025	0	c. 2025–1700 BCE	The Middle Kingdom represents a later phase of Egyptian political and cultural history. Its ribbon follows the Old Kingdom with an intervening gap. The dates use the University College London chronology and are approximate.	https://www.ucl.ac.uk/museums-static/digitalegypt/chronology/index.html		-1
Egypt: New Kingdom	-1550	0	c. 1550–1069 BCE	The New Kingdom was a period of Egyptian expansion and extensive royal building. Its ribbon follows the Middle Kingdom. The approximate beginning and ending dates follow the University College London chronology.	https://www.ucl.ac.uk/museums-static/digitalegypt/chronology/index.html		-1
Sumerian urban period	-3000	0	Third millennium BCE	Sumerian cities in southern Mesopotamia supported administrators, craft workers and exchange networks. This is a selected urban period, not a claim that every Sumerian city began or ended together.	https://www.metmuseum.org/exhibitions/listings/2003/art-of-the-first-cities		-1
Mature Indus period	-2600	0	c. 2600–1900 BCE	The mature Indus period included large urban settlements in South Asia. Excavated brick buildings, streets and drains document sophisticated urban planning. This period is represented separately from later Indian dynasties.	https://www.harappa.com/content/recent-indus-discoveries-and-highlights-excavations-harappa-1998-2000		-1
Parthian Empire	-247	0	247 BCE–224 CE	The Parthian Empire ruled extensive territories in Iran and neighboring regions. Its chronology crosses the BCE and CE boundary. Its art reflects contacts across the ancient world.	https://www.metmuseum.org/de/essays/the-parthian-empire-247-b-c-224-a-d		-1
Sasanian Empire	224	0	224–651 CE	The Sasanian Empire succeeded Parthian rule in Iran. Its courts and workshops produced distinctive architecture, metalwork and other arts. The ribbon ends in 651 CE.	https://www.metmuseum.org/de/essays/the-sasanian-empire-224-651-a-d		-1
Western Imperial Rome	-27	0	27 BCE–476 CE	This ribbon uses the conventional dates for imperial rule in the western Roman world. The eastern empire continued after 476 CE, so its history is shown in a separate ribbon.	https://education.nationalgeographic.org/resource/imperial-rome/		-1
Eastern Roman Empire	330	0	330–1453 CE	Constantinople became an imperial capital in 330 CE. The eastern Roman state, often called the Byzantine Empire, continued until the Ottoman conquest of the city in 1453. This selected range begins with the capital rather than the first existence of Rome.	https://en.wikisource.org/wiki/1911_Encyclop%C3%A6dia_Britannica/Constantinople		-1
Qin dynasty	-221	0	221–206 BCE	Qin unified the rival states in 221 BCE and established an imperial dynasty. Its short duration contrasts with the longer Han dynasty that followed. Click the separate unification figure for the turning-point story.	https://asia.si.edu/education/educator-resources/teaching-china-with-the-smithsonian/explore-by-dynasty/qin-dynasty/		-1
Han dynasty	-206	0	206 BCE–220 CE	The Han dynasty followed Qin and lasted across the BCE and CE boundary. This long period is important to the history of Chinese government, material culture and exchange. The ribbon represents the broad dynastic range.	https://www.metmuseum.org/exhibitions/listings/2017/age-of-empires		-1
Tang dynasty	618	0	618–907 CE	The Tang dynasty is a selected period in Chinese history. Its ribbon can be compared with the Islamic-world and eastern Roman chronologies. A dynastic range describes a period, rather than one event.	https://online.flipbuilder.com/mpdm/vbyh/files/basic-html/page5.html		-1
Song dynasty	960	0	960–1279 CE	The Song dynasty follows the Tang in this selected chronology. The intervening gap represents periods omitted from this demo. The dynastic range includes both Northern and Southern Song.	https://online.flipbuilder.com/mpdm/vbyh/files/basic-html/page5.html		-1
Ming dynasty	1368	0	1368–1644 CE	The Ming dynasty belongs to the later Chinese chronology. Its ribbon overlaps the Ottoman and Mughal periods, allowing viewers to compare regions at the same time.	https://online.flipbuilder.com/mpdm/vbyh/files/basic-html/page5.html		-1
Qing dynasty	1644	0	1644–1911 CE · ribbon continues beyond 1900	The Qing dynasty began in 1644 and continued beyond the visible timeline. The arrow indicates that the chart boundary at 1900 is not the end of the dynasty.	https://online.flipbuilder.com/mpdm/vbyh/files/basic-html/page5.html		-1
Classic Maya period	250	0	c. 250–900 CE	The Classic period saw the flourishing of Maya cities and monumental inscriptions in parts of Mexico and Central America. Maya communities and history continued after this period.	https://www.marc.ucsb.edu/research/maya/ancient-maya-civilization/classic-period		-1
Ottoman Empire	1299	0	c. 1299–1922 CE · ribbon continues beyond 1900	The Ottoman Empire developed over several centuries and extended across parts of Europe, Asia and Africa. Its ribbon continues beyond the chart boundary because the empire lasted into the twentieth century.	https://store.metmuseum.org/blog/celebrate-turkish-art-and-culture-at-the-met		-1
Mughal dynasty	1526	0	1526–1858 CE	The Mughal dynasty ruled in India from 1526 to 1858. Court patronage supported architecture, painting and luxury arts. The chart also includes a separate story for the beginning of Mughal rule.	https://www.metmuseum.org/exhibitions/listings/2001/jeweled-arts-of-mughal-india		-1
Classical Greece	-480	0	c. 480–323 BCE	The Classical period is a selected phase of ancient Greek history. Sculpture, architecture and other material evidence document its cultural life. Greek history extends before and after this range.	https://www.metmuseum.org/fr/essays/the-art-of-classical-greece-ca-480-323-b-c		-1
Abbasid caliphate	750	0	750–1258 CE	The Abbasid period includes major developments in urban life and the arts. Baghdad and Samarra were important centers. Political control changed during this long range; it should not be read as uninterrupted direct rule everywhere.	https://www.metmuseum.org/it/essays/the-art-of-the-abbasid-period-750-1258		-1
Early Mesopotamian writing	-3200	0	c. 3200 BCE	Writing developed in southern Mesopotamia around 3200 BCE. Early records helped administrators keep accounts. Cuneiform later served several languages and a much wider range of purposes. This is an approximate development date.	https://www.britishmuseum.org/sites/default/files/2019-09/Visit_Mesopotamia_KS2b.pdf		-1
Laws of Hammurabi	-1750	0	c. 1750 BCE	A surviving inscribed monument records laws associated with Hammurabi, king of Babylon. He ruled from 1792 to 1750 BCE. The marker near the end of his reign is approximate and does not claim to date every law precisely.	https://www.louvre.fr/en/the-code-of-hammurabi		-1
European movable-type printing	1450	0	c. 1450 CE	Johannes Gutenberg developed a system of movable metal type and printing in Europe around 1450. Printing and movable type had earlier histories in East Asia. This marker identifies a European development, rather than the first printing anywhere.	https://www.gutenberg-gesellschaft.de/en/johannes-gutenberg/gutenbergs-invention/seite		-1
Royal Society founded	1660	0	1660 CE	The Royal Society was founded in 1660. It became an institution for discussing experiments and communicating scientific research. This event marks the founding of a society, not the beginning of scientific inquiry.	https://royalsociety.org/about-us/who-we-are/history/		-1
Newton's Principia	1687	0	1687 CE	Isaac Newton published the Principia in 1687. The work set out mathematical treatments of motion and gravitation and became a major publication in the history of science.	https://royalsociety.org/blog/2014/07/principia/		-1
Watt condenser patent	1769	0	1769 CE	James Watt patented his separate condenser in 1769. Separating condensation from the working cylinder improved steam-engine efficiency. Steam engines existed before Watt; this event marks an important improvement.	https://blog.sciencemuseum.org.uk/james-watt-and-the-separate-condenser/		-1
Stockton–Darlington Railway	1825	0	27 September 1825	The Stockton and Darlington Railway opened in 1825. Its opening is an important milestone in the development of rail transport. The railway combined several operating practices rather than immediately resembling a modern passenger network.	https://blog.railwaymuseum.org.uk/shildon-the-cradle-of-the-railways-and-locomotion-no-1/		-1
Early photographic processes	1839	0	1839 CE	The year 1839 is a landmark in the public emergence of photographic processes. Photography developed through the work of several experimenters and continued to change during the nineteenth century. This marker introduces that broader technological history.	https://www.vam.ac.uk/info/collection-selection-boxes-the-history-of-photography		-1
Darwin's Origin of Species	1859	0	1859 CE	Charles Darwin published On the Origin of Species in 1859. The book presented his explanation of evolution by natural selection and became a major work in the history of biology.	https://www.darwinproject.ac.uk/about-darwin/origin-species		-1
Emancipation Proclamation	1863	0	1 January 1863	President Abraham Lincoln issued the Emancipation Proclamation in 1863. It declared freedom for enslaved people in areas in rebellion against the United States. Its scope was limited; it did not immediately abolish slavery throughout the country.	https://www.archives.gov/milestone-documents/emancipation-proclamation		-1
Bell's telephone patent	1876	0	7 March 1876	Alexander Graham Bell received a telephone patent on March 7, 1876. His telephone experiments were part of a wider history of electrical communication. The date marks this patent, rather than every stage of the invention.	https://www.si.edu/collections/snapshot/alexander-graham-bells-large-box-telephone		-1
Edison's electric lighting	1879	0	1879 CE	Thomas Edison and his team developed a practical incandescent lamp in 1879. Their work formed part of the development of electric lighting systems. Other inventors also contributed to the history of electric light.	https://www.si.edu/collections/snapshot/edison-light-bulb		-1
Phoenician seafaring	-1000	0	First millennium BCE · Mediterranean trade	Phoenician coastal cities developed extensive maritime trading networks. Merchants carried goods between Mediterranean ports. By the late eighth century BCE, Phoenicians and Greeks had established trading posts around the Mediterranean. The marker at 1000 BCE introduces a broad period; it does not date the beginning of all Phoenician trade.	https://www.metmuseum.org/es/essays/the-phoenicians-1500-300-b-c	civilization-vignettes.png	0
Neo-Assyrian cities	-883	0	Ninth–seventh centuries BCE · selected marker 883 BCE	Nimrud became a major royal center under Ashurnasirpal II, who ruled from 883 to 859 BCE. Palace architecture and surviving inscriptions document Assyrian government and material culture. The illustration is a contextual reconstruction of a city and its officials.	https://www.metmuseum.org/art/collection/search/322608	civilization-vignettes.png	1
Neo-Babylonian period	-626	0	626–539 BCE	Surviving Neo-Babylonian records document accounts, property and obligations. Babylon remained a major urban center. Persian forces under Cyrus conquered the city in 539 BCE. The selected range follows the dating used for the Metropolitan Museum’s Neo-Babylonian tablets.	https://www.metmuseum.org/art/collection/search/321920	civilization-vignettes.png	2
Achaemenid Persian Empire	-550	0	550–330 BCE	The Achaemenid Persian Empire extended across large parts of the ancient Near East. Its capitals, monuments and material culture document a complex imperial world. The period ends with Alexander’s conquests. The illustration evokes Persian court architecture rather than a single precisely dated gathering.	https://www.metmuseum.org/ja/essays/the-achaemenid-persian-empire-550-330-b-c	civilization-vignettes.png	3
Archaic Greek communities	-700	0	c. 700–480 BCE · selected cultural period	Greek communities of the Archaic period produced distinctive pottery, sculpture and metalwork. Cities and maritime contacts connected parts of the Mediterranean. The market illustration is a contextual reconstruction, not a claim that all Greek city-states were founded in 700 BCE.	https://www.metmuseum.org/art/collection/search/703054	civilization-vignettes.png	4
Shang bronze technology	-1600	0	c. 1600–1046 BCE	The Shang dynasty is the earliest archaeologically documented dynasty in Chinese history. Bronze vessels and excavated remains reveal specialized production and organized settlements. The marker introduces the broad dynastic period; it does not date the invention of bronze metallurgy.	https://www.metmuseum.org/de/essays/shang-and-zhou-dynasties-the-bronze-age-of-china	civilization-vignettes.png	5
Zhou dynasty	-1046	0	c. 1046–256 BCE	The Zhou dynasty followed the Shang. Its history includes Western and Eastern Zhou periods, with changing political authority. Bronze artifacts and settlements document material culture over this long range. The chart uses a broad dynasty range rather than one continuous level of central control.	https://www.metmuseum.org/de/essays/shang-and-zhou-dynasties-the-bronze-age-of-china	civilization-vignettes.png	6
Aksum and Red Sea trade	100	0	First–eighth centuries CE · selected first-century marker	Aksum developed into a wealthy African trading empire with urban centers and monumental architecture. Its port connections through Adulis linked it to Red Sea exchange. This entry introduces a long historical period; 100 CE is a display marker rather than a precise founding date.	https://www.metmuseum.org/ja/essays/monumental-architecture-and-stelae-of-the-aksumite-empire	civilization-vignettes.png	7
Gupta-era craftsmanship	320	0	c. 320–550 CE	The Gupta period is an important phase of South Asian art and architecture. Surviving objects and buildings document skilled production. This illustration presents craftspeople and scholars as a contextual reconstruction, rather than portraying particular named individuals.	https://www.britishmuseum.org/exhibitions/ancient-india-living-traditions/ancient-india-living-traditions-large-print-guide	civilization-vignettes.png	8
Mauryan Empire	-321	0	c. 321–185 BCE	The Mauryan dynasty established a major empire in South Asia. Its growth followed earlier kingdoms in the northeast. The illustration evokes an administrative setting and is an artistic interpretation, not a documentary picture of a particular palace.	https://www.metmuseum.org/ko/essays/mauryan-empire-ca-323-185-b-c	civilization-vignettes.png	9
Medieval towns and textiles	1100	0	1000–1400 CE · selected medieval context	Towns of the Low Countries developed important textile industries during the medieval period. Production and exchange connected urban communities. The marker at 1100 CE introduces the wider period covered by the source; it is not the founding date of a single market.	https://82nd-and-fifth.metmuseum.org/toah/ht/07/euwl.html	civilization-vignettes.png	10
Renaissance workshops	1400	0	Fifteenth century CE · selected cultural context	Fifteenth-century Italian workshops produced paintings, sculptures and portraits for varied patrons. The Renaissance portrait tradition provides evidence of changing artistic practices. The marker at 1400 CE introduces the century rather than one workshop’s founding.	https://www.metmuseum.org/exhibitions/listings/2011/the-renaissance-portrait-from-donatello-to-bellini	civilization-vignettes.png	11
Adams historical chart	1881	0	1881 CE · historical publication	Sebastian Adams’ Synchronological Chart of Universal History was published in an 1881 edition highlighted by the David Rumsey Map Collection. Its long illustrated timeline brings different histories together. History in a Glimpse takes visual inspiration from that historical design while using selected history and archaeology entries.	https://www.davidrumsey.com/blog/2012/3/28/timeline-maps	historical-vignettes.png	11
