Year	Chart X
-4000	1040.00
-3200	1280.00
-3100	1450.00
-3000	1620.00
-2600	1860.00
-1750	2100.00
-1600	2271.46
-1046	2511.46
-1000	2681.46
-883	2851.46
-700	3040.85
-626	3210.85
-550	3380.85
-330	3588.51
-321	3758.51
-221	3928.51
-27	4123.50
100	4293.50
250	4464.97
320	4634.97
476	4809.83
622	4979.83
1100	5219.83
1206	5389.83
1400	5584.83
1450	5754.83
1453	5924.83
1526	6094.83
1660	6264.83
1687	6434.83
1769	6604.83
1776	6774.83
1789	6944.83
1825	7114.83
1839	7284.83
1859	7454.83
1863	7624.83
1876	7794.83
1879	7964.83
1881	8134.83
1900	8304.83
